City,Population,Violent,Murder and,Rape,Rape,Robbery,Aggravated,Property,Burglary,Larceny-,Motor,Arson,,,,,
,,crime,nonnegligent,(revised,(legacy,,assault,crime,,theft,vehicle,,,,,,
,,,manslaughter,definition1),definition2),,,,,,theft,,,,,Lat,Long
Addison,"37,246",50,0,4,,18,28,653,77,536,40,2,"Addison, IL",32.96179,-96.8291685,,
Albany,887,0,0,0,,0,0,39,23,16,0,0,"Albany, IL",#ERROR!,#ERROR!,,
Aledo,"3,549",0,0,0,,0,0,37,5,32,0,0,"Aledo, IL",#ERROR!,#ERROR!,,
Alexis,805,0,0,0,,0,0,12,2,9,1,0,"Alexis, IL",36.105357,#ERROR!,,
Algonquin,"30,673",12,0,4,,1,7,381,30,349,2,1,"Algonquin, IL",42.1655801,-88.2942493,,
Alsip,"19,357",19,0,0,,19,0,546,109,407,30,1,"Alsip, IL",#ERROR!,#ERROR!,,
Altamont,"2,306",1,0,0,,0,1,33,12,20,1,0,"Altamont, IL",37.1903448,-95.2971928,,
Alton,"26,829",143,2,28,,31,82,"1,073",266,761,46,5,"Alton, IL",38.8906038,-90.1842764,,
Amboy,"2,330",2,0,1,,0,1,22,5,17,0,0,"Amboy, IL",34.5577721,-115.7444411,,
Anna,"4,300",15,0,0,,4,11,112,12,97,3,0,"Anna, IL",33.3490011,-96.5485991,,
Annawan,854,0,0,0,,0,0,10,3,7,0,0,"Annawan, IL",#ERROR!,-89.9045517,,
Antioch,"14,302",25,0,10,,3,12,201,24,168,9,0,"Antioch, IL",#ERROR!,-121.805789,,
Arlington Heights,"76,077",58,0,8,,14,36,722,79,624,19,3,"Arlington Heights, IL",42.0883603,-87.9806265,,
Arthur,"2,288",5,0,1,,0,4,20,2,17,1,0,"Arthur, IL",#ERROR!,#ERROR!,,
Ashland,"1,241",0,0,0,,0,0,5,1,4,0,0,"Ashland, IL",#ERROR!,#ERROR!,,
Assumption,"1,106",3,0,0,,0,3,14,8,6,0,0,"Assumption, IL",35.0865087,-106.5586425,,
Athens,"1,928",2,0,0,,0,2,23,3,20,0,0,"Athens, IL",#ERROR!,#ERROR!,,
Auburn,"4,788",3,0,2,,0,1,76,21,53,2,0,"Auburn, IL",32.6098566,-85.4807825,,
Aurora,"201,159",631,7,57,,130,437,"2,867",441,"2,259",167,21,"Aurora, IL",#ERROR!,-104.8319195,,
Aviston,"2,108",2,0,0,,0,2,4,0,4,0,0,"Aviston, IL",38.6067151,#ERROR!,,
Bannockburn,"1,569",0,0,0,,0,0,14,0,14,0,0,"Bannockburn, IL",#ERROR!,#ERROR!,,
Barrington,"10,357",3,1,1,,0,1,76,7,65,4,0,"Barrington, IL",#ERROR!,-88.1361888,,
Barrington Hills,"4,256",0,0,0,,0,0,23,1,22,0,0,"Barrington Hills, IL",42.1391457,-88.1957427,,
Barry,"1,266",3,0,0,,0,3,22,5,15,2,0,"Barry, IL",37.2248725,#ERROR!,,
Bartlett,"41,600",32,0,1,,8,23,250,17,226,7,3,"Bartlett, IL",35.2045328,#ERROR!,,
Bartonville,"6,367",33,0,3,,4,26,176,28,141,7,0,"Bartonville, IL",33.0731775,-97.1316788,,
Batavia,"26,558",26,0,3,,3,20,414,15,394,5,6,"Batavia, IL",41.8500284,-88.3125738,,
Beardstown3,"5,664",62,0,2,,1,59,,,,0,0,"Beardstown3, IL",40.0191541,#ERROR!,,
Beecher,"4,465",3,0,0,,2,1,26,1,23,2,1,"Beecher, IL",#ERROR!,#ERROR!,,
Belgium,398,0,0,0,,0,0,2,0,2,0,0,"Belgium, IL",#ERROR!,4.469936,,
Belleville,"41,638",253,1,30,,51,171,"1,659",471,"1,108",80,9,"Belleville, IL",#ERROR!,-89.9839935,,
Bellwood,"19,353",103,2,14,,46,41,406,102,264,40,2,"Bellwood, IL",41.8814197,-87.883117,,
Belvidere,"25,049",65,0,19,,3,43,280,42,227,11,6,"Belvidere, IL",#ERROR!,#ERROR!,,
Bensenville,"18,454",21,1,7,,8,5,291,56,209,26,0,"Bensenville, IL",#ERROR!,#ERROR!,,
Berkeley,"5,201",10,0,1,,4,5,87,15,69,3,0,"Berkeley, IL",37.8715226,-122.273042,,
Berwyn,"56,305",170,2,15,,73,80,"1,235",273,889,73,3,"Berwyn, IL",41.8505874,#ERROR!,,
Bethalto,"9,314",9,0,2,,6,1,115,10,101,4,0,"Bethalto, IL",38.9092138,-90.0406608,,
Blandinsville,614,0,0,0,,0,0,3,0,3,0,0,"Blandinsville, IL",40.556152,#ERROR!,,
Bloomington,"78,604",307,0,42,,59,206,"1,347",224,"1,064",59,11,"Bloomington, IL",39.165325,-86.5263857,,
Blue Island,"23,637",115,1,11,,49,54,567,127,381,59,1,"Blue Island, IL",#ERROR!,-87.6800486,,
Bluffs,670,0,0,0,,0,0,0,0,0,0,0,"Bluffs, IL",38.9152879,#ERROR!,,
Bolingbrook,"74,471",158,2,23,,18,115,944,111,782,51,3,"Bolingbrook, IL",41.6986416,-88.0683955,,
Bourbonnais,"18,552",20,0,0,,1,19,353,33,316,4,0,"Bourbonnais, IL",41.1760108,-87.879523,,
Bradley,"15,561",40,0,6,,14,20,512,51,447,14,0,"Bradley, IL",#ERROR!,#ERROR!,,
Braidwood,"6,160",6,0,0,,2,4,66,10,56,0,0,"Braidwood, IL",41.2650318,-88.2122823,,
Breese,"4,517",5,0,0,,0,5,40,0,40,0,0,"Breese, IL",#ERROR!,-89.5270306,,
Bridgeview,"16,397",48,1,3,,17,27,446,44,372,30,5,"Bridgeview, IL",41.7500323,#ERROR!,,
Brighton,"2,186",4,0,2,,0,2,11,1,8,2,0,"Brighton, IL",41.5701388,-93.8045059,,
Broadview,"7,914",26,1,1,,17,7,375,38,305,32,0,"Broadview, IL",41.8639201,-87.8533931,,
Brookfield,"18,935",15,1,6,,2,6,267,67,189,11,3,"Brookfield, IL",43.0605671,-88.1064787,,
Buffalo Grove,"41,511",13,0,2,,4,7,208,26,166,16,0,"Buffalo Grove, IL",42.1662831,#ERROR!,,
Bunker Hill,"1,705",3,0,0,,0,3,15,4,9,2,0,"Bunker Hill, IL",42.3755627,-71.0644735,,
Burbank,"29,165",70,0,5,,22,43,404,65,299,40,1,"Burbank, IL",#ERROR!,-118.3089661,,
Burnham,"4,209",12,2,0,,7,3,97,27,52,18,0,"Burnham, IL",#ERROR!,#ERROR!,,
Burr Ridge,"10,863",2,0,1,,0,1,89,7,73,9,0,"Burr Ridge, IL",41.7489203,-87.9183919,,
Byron,"3,628",2,0,0,,0,2,51,6,43,2,0,"Byron, IL",36.9019722,-98.2939595,,
Cahokia,"14,242",64,2,5,,36,21,668,186,449,33,6,"Cahokia, IL",38.6550643,#ERROR!,,
Cairo,"2,402",69,0,0,,4,65,93,25,66,2,2,"Cairo, IL",30.0444196,#ERROR!,,
Calumet City,"37,022",211,9,16,,137,49,"1,358",307,869,182,12,"Calumet City, IL",#ERROR!,#ERROR!,,
Cambria,"1,272",4,0,1,,0,3,5,3,2,0,1,"Cambria, IL",38.9313201,-97.5463885,,
Cambridge,"2,104",3,1,0,,0,2,17,5,12,0,0,"Cambridge, IL",52.2042666,#ERROR!,,
Camp Point,"1,123",0,0,0,,0,0,1,0,1,0,0,"Camp Point, IL",40.0392139,#ERROR!,,
Campton Hills,"11,390",4,0,3,,0,1,35,8,27,0,0,"Campton Hills, IL",41.9582863,#ERROR!,,
Canton,"14,116",14,0,2,,4,8,194,42,147,5,2,"Canton, IL",38.3861194,#ERROR!,,
Carbondale,"26,373",138,3,32,,38,65,844,171,649,24,2,"Carbondale, IL",37.7272727,-89.2167501,,
Carlinville,"5,615",19,0,0,,0,19,203,43,157,3,0,"Carlinville, IL",39.2797699,-89.8817662,,
Carlyle,"3,211",10,0,0,,2,8,59,5,53,1,0,"Carlyle, IL",#ERROR!,#ERROR!,,
Carol Stream,"40,473",36,0,3,,7,26,306,32,251,23,5,"Carol Stream, IL",#ERROR!,#ERROR!,,
Carpentersville,"38,664",31,1,14,,12,4,668,113,539,16,3,"Carpentersville, IL",42.1211364,-88.2578582,,
Carrollton,"2,418",15,0,3,,0,12,27,3,24,0,0,"Carrollton, IL",#ERROR!,-96.8899636,,
Carterville,"5,881",8,0,1,,0,7,55,11,39,5,0,"Carterville, IL",37.7600501,-89.0772991,,
Carthage,"2,534",1,0,0,,0,1,20,12,7,1,0,"Carthage, IL",36.8529199,#ERROR!,,
Cary,"17,903",20,0,1,,1,18,75,17,54,4,1,"Cary, IL",35.79154,#ERROR!,,
Caseyville,"4,003",31,0,4,,5,22,106,25,72,9,0,"Caseyville, IL",38.6367162,#ERROR!,,
Catlin,"2,000",3,0,0,,0,3,8,6,2,0,0,"Catlin, IL",41.2395342,-96.1136889,,
Centreville,"4,970",91,1,6,,15,69,172,70,83,19,0,"Centreville, IL",#ERROR!,#ERROR!,,
Champaign,"87,071",625,3,41,,124,457,"2,838",728,"1,979",131,3,"Champaign, IL",#ERROR!,-88.2433829,,
Channahon,"12,597",1,0,0,,0,1,34,6,27,1,0,"Channahon, IL",41.4294753,#ERROR!,,
Charleston,"21,067",79,0,4,,12,63,121,40,76,5,1,"Charleston, IL",32.7764749,#ERROR!,,
Chatham,"12,497",16,0,2,,0,14,71,12,56,3,0,"Chatham, IL",38.3085731,-77.4557041,,
Chenoa,"3,199",4,0,0,,1,3,18,3,15,0,0,"Chenoa, IL",40.5608168,-111.9155764,,
Cherry Valley,"3,086",18,0,4,,1,13,240,9,227,4,0,"Cherry Valley, IL",#ERROR!,#ERROR!,,
Chester,"8,590",18,1,1,,0,16,54,4,49,1,0,"Chester, IL",#ERROR!,-75.3557457,,
Chicago,"2,725,153","30,126",765,"1,589",,"11,957","15,815","86,960","14,258","61,229","11,473",590,"Chicago, IL",41.8781136,-87.6297982,,
Chicago Heights,"30,273",175,6,28,,74,67,805,126,597,82,37,"Chicago Heights, IL",41.506146,-87.6355995,,
Chicago Ridge,"14,383",29,0,2,,18,9,575,22,531,22,1,"Chicago Ridge, IL",#ERROR!,#ERROR!,,
Chillicothe,"6,253",21,0,5,,3,13,106,10,94,2,0,"Chillicothe, IL",39.3331197,-82.9824019,,
Christopher,"2,771",2,1,1,,0,0,18,5,13,0,0,"Christopher, IL",#ERROR!,-89.053408,,
Cicero,"83,807",264,1,17,,148,98,"1,713",284,"1,147",282,28,"Cicero, IL",41.8455877,#ERROR!,,
Clarendon Hills,"8,724",6,0,0,,1,5,32,9,23,0,1,"Clarendon Hills, IL",41.7975307,-87.9547835,,
Coal City,"5,469",5,0,0,,1,4,72,6,66,0,0,"Coal City, IL",41.2878096,-88.2856185,,
Coal Valley,"3,753",4,0,1,,0,3,51,18,33,0,0,"Coal Valley, IL",41.4286456,-90.4609648,,
Cobden,"1,136",4,0,0,,0,4,13,5,7,1,0,"Cobden, IL",#ERROR!,-89.253418,,
Colchester,"1,325",0,0,0,,0,0,0,0,0,0,0,"Colchester, IL",51.895927,#ERROR!,,
Collinsville,"24,599",53,0,10,,9,34,736,109,586,41,2,"Collinsville, IL",#ERROR!,#ERROR!,,
Colona,"5,096",6,0,0,,0,6,61,18,42,1,0,"Colona, IL",#ERROR!,#ERROR!,,
Columbia,"10,288",1,0,0,,0,1,79,22,52,5,0,"Columbia, IL",45.4488351,#ERROR!,,
Cortland,"4,331",2,0,0,,0,2,51,2,49,0,0,"Cortland, IL",42.6011813,#ERROR!,,
Country Club Hills,"16,844",74,1,6,,44,23,416,55,332,29,2,"Country Club Hills, IL",41.5680898,-87.7203257,,
Countryside,"6,015",7,0,0,,0,7,200,8,181,11,0,"Countryside, IL",#ERROR!,#ERROR!,,
Cowden,577,0,0,0,,0,0,5,1,3,1,0,"Cowden, IL",35.2908883,#ERROR!,,
Crest Hill,"21,211",28,0,5,,9,14,212,41,157,14,3,"Crest Hill, IL",41.554753,-88.0986709,,
Crete,"8,171",16,0,0,,5,11,140,27,108,5,0,"Crete, IL",#ERROR!,#ERROR!,,
Creve Coeur,"5,235",45,0,2,,4,39,154,20,130,4,0,"Creve Coeur, IL",38.6608855,-90.422618,,
Crystal Lake,"40,374",44,0,8,,4,32,624,56,561,7,3,"Crystal Lake, IL",42.2411344,#ERROR!,,
Danville,"31,931",502,0,47,,88,367,"1,894",646,"1,185",63,7,"Danville, IL",37.8215929,#ERROR!,,
Darien,"22,285",6,0,3,,2,1,366,47,309,10,1,"Darien, IL",41.0771914,#ERROR!,,
Davis,635,0,0,0,,0,0,0,0,0,0,0,"Davis, IL",40.9628845,-112.0953297,,
Decatur,"72,694",392,3,45,,97,247,"2,657",859,"1,700",98,16,"Decatur, IL",#ERROR!,-84.2963123,,
Deer Creek,678,1,0,0,,1,0,6,1,5,0,0,"Deer Creek, IL",35.682657,#ERROR!,,
Deerfield,"19,176",5,0,1,,1,3,123,17,103,3,0,"Deerfield, IL",#ERROR!,#ERROR!,,
De Kalb,"43,034",223,3,53,,34,133,"1,438",203,"1,203",32,8,"De Kalb, IL",33.5087256,-94.616319,,
Delavan,"1,622",5,0,0,,0,5,50,9,34,7,2,"Delavan, IL",#ERROR!,-88.6437138,,
De Pue,"1,726",0,0,0,,0,0,20,4,16,0,0,"De Pue, IL",41.3242061,-89.3074244,,
De Soto,"1,571",10,0,0,,0,10,21,4,16,1,1,"De Soto, IL",38.9791709,#ERROR!,,
Des Plaines,"58,726",45,0,6,,11,28,537,91,423,23,6,"Des Plaines, IL",42.0333623,#ERROR!,,
Diamond,"2,480",0,0,0,,0,0,5,0,5,0,0,"Diamond, IL",36.06308,#ERROR!,,
Divernon,"1,153",3,0,0,,2,1,8,3,5,0,0,"Divernon, IL",39.5656082,#ERROR!,,
Dixon,"15,246",20,0,12,,4,4,272,23,243,6,0,"Dixon, IL",#ERROR!,-94.7235349,,
Downers Grove,"49,894",33,0,7,,7,19,651,66,555,30,3,"Downers Grove, IL",41.8089191,#ERROR!,,
Dupo,"3,881",19,1,1,,0,17,95,36,51,8,0,"Dupo, IL",#ERROR!,-90.2103903,,
Du Quoin,"5,919",18,0,0,,2,16,62,17,44,1,0,"Du Quoin, IL",#ERROR!,-89.2361935,,
Dwight,"4,027",7,0,0,,1,6,63,16,46,1,0,"Dwight, IL",41.0944767,#ERROR!,,
Earlville,"1,619",1,0,0,,0,1,30,3,27,0,0,"Earlville, IL",41.5894754,-88.9220265,,
East Alton,"6,152",20,0,9,,3,8,163,32,120,11,0,"East Alton, IL",38.8803256,-90.1112184,,
East Carondelet,467,6,0,1,,1,4,4,3,0,1,0,"East Carondelet, IL",38.5414398,-90.2317323,,
East Dubuque,"1,648",13,0,2,,1,10,24,2,19,3,0,"East Dubuque, IL",42.4922253,-90.6429054,,
East Dundee,"3,273",1,0,0,,1,0,70,15,54,1,0,"East Dundee, IL",42.0989145,-88.2714689,,
East Hazel Crest,"1,545",4,0,0,,2,2,49,32,14,3,1,"East Hazel Crest, IL",41.5754519,-87.6461965,,
East Moline,"21,359",91,0,10,,22,59,571,120,439,12,1,"East Moline, IL",#ERROR!,#ERROR!,,
East Peoria,"23,008",97,2,12,,5,78,625,171,439,15,9,"East Peoria, IL",40.666149,#ERROR!,,
East St. Louis,"26,769",757,27,35,,103,592,604,210,266,128,9,"East St. Louis, IL",38.624514,-90.1506465,,
Edinburg,"1,046",0,0,0,,0,0,4,2,2,0,0,"Edinburg, IL",#ERROR!,-98.1633432,,
Edwardsville,"25,133",33,0,6,,7,20,288,33,248,7,0,"Edwardsville, IL",#ERROR!,-89.953157,,
Effingham,"12,660",33,0,9,,2,22,381,45,330,6,0,"Effingham, IL",39.0621773,#ERROR!,,
Elburn,"5,776",3,0,0,,1,2,30,5,25,0,0,"Elburn, IL",#ERROR!,-88.4723014,,
Eldorado,"4,050",6,0,0,,0,6,147,34,98,15,0,"Eldorado, IL",36.1574897,-95.7610321,,
Elgin,"112,886",236,2,34,,63,137,"1,565",218,"1,279",68,10,"Elgin, IL",42.0354084,#ERROR!,,
Elizabeth,746,1,0,0,,0,1,3,2,1,0,0,"Elizabeth, IL",37.2260629,#ERROR!,,
Elk Grove Village,"33,255",25,0,4,,7,14,510,83,386,41,1,"Elk Grove Village, IL",#ERROR!,#ERROR!,,
Elmhurst,"46,318",26,0,1,,9,16,536,68,452,16,0,"Elmhurst, IL",#ERROR!,-87.9403418,,
Elmwood,"2,088",0,0,0,,0,0,24,9,14,1,0,"Elmwood, IL",#ERROR!,-94.4446785,,
Elmwood Park,"24,829",42,0,3,,12,27,328,62,246,20,1,"Elmwood Park, IL",40.9039878,-74.118476,,
El Paso,"2,796",7,0,3,,0,4,34,3,30,1,0,"El Paso, IL",31.7618778,#ERROR!,,
Energy,"1,144",2,0,0,,0,2,14,6,7,1,0,"Energy, IL",#ERROR!,#ERROR!,,
Erie,"1,543",3,0,2,,0,1,9,2,7,0,0,"Erie, IL",42.1292241,-80.085059,,
Eureka,"5,388",10,1,1,,0,8,55,10,43,2,1,"Eureka, IL",36.3344733,#ERROR!,,
Evanston,"75,716",130,2,6,,38,84,"1,671",329,"1,269",73,10,"Evanston, IL",42.0450722,#ERROR!,,
Evergreen Park,"19,836",41,0,5,,17,19,600,56,519,25,2,"Evergreen Park, IL",#ERROR!,#ERROR!,,
Fairbury,"3,604",8,0,0,,1,7,37,9,28,0,1,"Fairbury, IL",40.1466169,-97.1798456,,
Fairfield,"5,019",21,0,1,,3,17,109,29,78,2,1,"Fairfield, IL",#ERROR!,#ERROR!,,
Fairmont City,"2,478",1,0,0,,0,1,18,7,8,3,0,"Fairmont City, IL",#ERROR!,-90.1030683,,
Fairmount,616,0,0,0,,0,0,1,0,1,0,0,"Fairmount, IL",39.9672371,#ERROR!,,
Fairview Heights,"16,773",41,1,6,,4,30,870,67,779,24,0,"Fairview Heights, IL",38.5889386,-89.990382,,
Farmington,"2,305",3,0,0,,0,3,63,19,44,0,2,"Farmington, IL",36.0420248,-94.2471515,,
Findlay,647,0,0,0,,0,0,7,2,5,0,0,"Findlay, IL",41.04422,-83.6499321,,
Fisher,"1,974",2,0,1,,0,1,35,12,23,0,0,"Fisher, IL",#ERROR!,-94.7269269,,
Fithian,468,0,0,0,,0,0,0,0,0,0,0,"Fithian, IL",40.1139242,-87.8730857,,
Flora,"4,919",4,0,0,,0,4,84,18,63,3,0,"Flora, IL",#ERROR!,-79.836977,,
Flossmoor,"9,479",15,0,2,,6,7,120,22,95,3,1,"Flossmoor, IL",41.5428123,#ERROR!,,
Forest Park,"14,113",46,0,10,,23,13,527,75,418,34,0,"Forest Park, IL",37.141376,-94.5100408,,
Forest View,691,3,0,0,,0,3,41,11,20,10,8,"Forest View, IL",38.906428,-94.863152,,
Fox Lake,"10,495",17,0,3,,1,13,143,28,112,3,0,"Fox Lake, IL",42.3966874,-88.1836965,,
Fox River Grove,"4,665",10,0,1,,1,8,60,4,54,2,1,"Fox River Grove, IL",42.2008575,-88.2145259,,
Frankfort,"18,822",8,0,0,,5,3,185,14,162,9,0,"Frankfort, IL",#ERROR!,-84.8732835,,
Franklin Grove,957,0,0,0,,0,0,9,4,5,0,0,"Franklin Grove, IL",41.8416982,-89.3003765,,
Franklin Park,"18,306",27,0,6,,5,16,211,40,128,43,6,"Franklin Park, IL",39.9623634,#ERROR!,,
Freeburg,"4,218",3,0,0,,0,3,35,6,27,2,0,"Freeburg, IL",38.4275499,-89.913714,,
Freeport,"24,257",48,0,10,,11,27,652,166,471,15,4,"Freeport, IL",26.5333159,-78.6429019,,
Fulton,"3,347",1,0,0,,0,1,64,29,34,1,0,"Fulton, IL",33.8033965,-84.3962535,,
Galena,"3,276",6,0,1,,0,5,40,0,38,2,0,"Galena, IL",#ERROR!,#ERROR!,,
Galesburg,"31,093",124,1,15,,23,85,987,203,765,19,1,"Galesburg, IL",40.9478158,-90.3712395,,
Geneseo,"6,522",8,0,2,,0,6,83,18,63,2,0,"Geneseo, IL",42.795896,-77.816947,,
Geneva,"21,864",11,1,4,,1,5,187,23,160,4,4,"Geneva, IL",#ERROR!,#ERROR!,,
Georgetown,"3,341",9,0,2,,0,7,89,38,50,1,2,"Georgetown, IL",#ERROR!,-77.0722585,,
Germantown,"1,285",1,0,0,,0,1,8,2,5,1,0,"Germantown, IL",35.0867577,-89.8100858,,
Gibson City,"3,408",10,0,2,,0,8,33,11,22,0,3,"Gibson City, IL",#ERROR!,-88.3758875,,
Gifford,"1,117",0,0,0,,0,0,5,0,5,0,0,"Gifford, IL",#ERROR!,-88.0211489,,
Gilberts,"7,792",2,0,0,,0,2,23,7,15,1,0,"Gilberts, IL",38.96726,-94.666832,,
Gillespie,"3,148",10,0,0,,1,9,41,6,35,0,0,"Gillespie, IL",35.602218,#ERROR!,,
Gilman,"1,743",4,0,0,,3,1,99,11,87,1,0,"Gilman, IL",#ERROR!,-117.2333297,,
Girard,"2,012",5,0,2,,0,3,14,1,12,1,0,"Girard, IL",41.1539465,-80.7014662,,
Glasford,"1,000",2,0,0,,0,2,1,1,0,0,0,"Glasford, IL",40.5725386,#ERROR!,,
Glen Carbon,"12,971",6,0,1,,0,5,100,12,87,1,3,"Glen Carbon, IL",#ERROR!,-89.983158,,
Glendale Heights,"34,472",30,0,0,,16,14,571,62,494,15,0,"Glendale Heights, IL",#ERROR!,-88.0717353,,
Glen Ellyn,"28,282",26,1,6,,6,13,244,35,202,7,2,"Glen Ellyn, IL",41.8775293,#ERROR!,,
Glenview,"48,008",41,0,5,,2,34,611,80,503,28,2,"Glenview, IL",42.0778065,#ERROR!,,
Glenwood,"8,996",13,0,0,,7,6,139,27,105,7,0,"Glenwood, IL",#ERROR!,#ERROR!,,
Godley,698,0,0,0,,0,0,5,2,3,0,0,"Godley, IL",32.449029,-97.5266886,,
Golf,505,0,0,0,,0,0,1,0,1,0,0,"Golf, IL",#ERROR!,-95.9179603,,
Goodfield,962,1,0,0,,0,1,56,5,50,1,0,"Goodfield, IL",#ERROR!,-89.2748084,,
Grafton,649,0,0,0,,0,0,10,1,9,0,0,"Grafton, IL",42.2070391,-71.6856236,,
Grandview,"1,424",7,0,0,,3,4,23,7,15,1,0,"Grandview, IL",37.2699699,-95.5500106,,
Granite City,"28,899",191,1,24,,33,133,600,165,367,68,9,"Granite City, IL",#ERROR!,#ERROR!,,
Grantfork,326,0,0,0,,0,0,0,0,0,0,0,"Grantfork, IL",#ERROR!,-89.6656453,,
Grayslake,"20,916",26,0,4,,3,19,342,58,270,14,5,"Grayslake, IL",#ERROR!,-88.041746,,
Grayville,"1,618",5,0,0,,1,4,50,16,31,3,0,"Grayville, IL",#ERROR!,#ERROR!,,
Greenfield,"1,010",3,0,1,,0,2,15,4,11,0,0,"Greenfield, IL",36.7161647,-95.9345728,,
Greenup,"1,491",3,0,0,,0,3,30,10,20,0,0,"Greenup, IL",38.5731349,#ERROR!,,
Greenville,"6,594",6,0,0,,0,6,118,11,102,5,0,"Greenville, IL",#ERROR!,-82.3940104,,
Gurnee,"31,014",23,0,5,,8,10,"1,269",55,"1,183",31,0,"Gurnee, IL",#ERROR!,#ERROR!,,
Hampshire,"6,248",10,0,0,,0,10,34,3,24,7,1,"Hampshire, IL",51.0576948,-1.3080629,,
Hampton,"1,835",0,0,0,,0,0,29,11,18,0,0,"Hampton, IL",#ERROR!,#ERROR!,,
Hanover,808,2,0,0,,1,1,4,0,4,0,1,"Hanover, IL",#ERROR!,9.7320104,,
Hanover Park,"38,402",39,0,4,,14,21,256,39,206,11,0,"Hanover Park, IL",41.9994722,-88.1450735,,
Harrisburg,"8,863",71,0,3,,3,65,178,74,92,12,1,"Harrisburg, IL",40.2731911,#ERROR!,,
Hartford,"1,373",5,0,2,,3,0,16,0,15,1,0,"Hartford, IL",#ERROR!,#ERROR!,,
Harvard,"9,146",8,0,1,,1,6,113,9,103,1,0,"Harvard, IL",42.3770029,#ERROR!,,
Havana,"3,034",25,0,6,,0,19,49,7,42,0,0,"Havana, IL",#ERROR!,-82.3665956,,
Hawthorn Woods,"8,002",1,0,0,,0,1,7,2,5,0,0,"Hawthorn Woods, IL",#ERROR!,-88.0495211,,
Hazel Crest,"14,119",61,3,3,,39,16,488,130,317,41,4,"Hazel Crest, IL",41.571701,-87.6944915,,
Henning,245,0,0,0,,0,0,0,0,0,0,0,"Henning, IL",46.3216278,#ERROR!,,
Henry,"2,301",7,0,0,,1,6,42,9,33,0,0,"Henry, IL",#ERROR!,#ERROR!,,
Herrin,"12,985",39,0,6,,5,28,450,134,292,24,3,"Herrin, IL",#ERROR!,#ERROR!,,
Herscher,"1,547",1,0,0,,0,1,9,1,8,0,0,"Herscher, IL",#ERROR!,#ERROR!,,
Hickory Hills,"14,134",17,0,3,,6,8,138,13,114,11,1,"Hickory Hills, IL",41.7255879,-87.825055,,
Highland Park,"29,737",21,0,7,,4,10,265,22,231,12,0,"Highland Park, IL",#ERROR!,-87.8003437,,
Highwood,"5,337",3,0,0,,1,2,37,2,31,4,0,"Highwood, IL",#ERROR!,-87.8092335,,
Hillsboro,"5,635",14,0,3,,0,11,70,15,49,6,0,"Hillsboro, IL",45.5201438,-122.9898424,,
Hillsdale,509,0,0,0,,0,0,2,0,2,0,0,"Hillsdale, IL",41.9314026,-84.633687,,
Hinckley,"2,056",0,0,0,,0,0,18,5,13,0,0,"Hinckley, IL",#ERROR!,-92.9388889,,
Hinsdale,"17,790",5,0,1,,4,0,181,12,154,15,0,"Hinsdale, IL",#ERROR!,-87.9370052,,
Hodgkins,"1,862",7,0,0,,1,6,224,5,217,2,1,"Hodgkins, IL",41.7689207,-87.857835,,
Hoffman Estates,"52,177",55,0,11,,15,29,429,52,353,24,0,"Hoffman Estates, IL",42.0629915,-88.1227199,,
Homer,"1,199",0,0,0,,0,0,3,0,3,0,0,"Homer, IL",40.453506,-75.819221,,
Homer Glen,"24,421",6,1,0,,2,3,116,20,92,4,0,"Homer Glen, IL",#ERROR!,#ERROR!,,
Hometown,"4,340",5,0,1,,1,3,40,4,31,5,0,"Hometown, IL",37.6776277,-96.9799929,,
Homewood,"19,379",38,0,4,,22,12,569,72,486,11,1,"Homewood, IL",39.0862733,-120.1607425,,
Hoopeston,"5,194",17,0,1,,2,14,169,46,115,8,2,"Hoopeston, IL",40.4672587,-87.6683573,,
Hopedale,839,0,0,0,,0,0,11,5,6,0,0,"Hopedale, IL",42.1306357,-71.5412077,,
Hudson,"1,847",3,0,1,,0,2,10,2,8,0,0,"Hudson, IL",41.240056,-81.440667,,
Huntley,"26,345",7,0,0,,2,5,213,25,186,2,1,"Huntley, IL",#ERROR!,-88.4281415,,
Ina,"2,365",5,0,0,,0,5,3,0,2,1,0,"Ina, IL",#ERROR!,-77.3712698,,
Indian Head Park,"3,827",0,0,0,,0,0,33,1,29,3,0,"Indian Head Park, IL",#ERROR!,#ERROR!,,
Indianola,269,0,0,0,,0,0,0,0,0,0,0,"Indianola, IL",#ERROR!,-93.5574376,,
Island Lake,"8,079",8,0,3,,0,5,60,6,52,2,0,"Island Lake, IL",42.2761341,#ERROR!,,
Itasca,"8,825",2,0,0,,2,0,78,8,66,4,0,"Itasca, IL",41.9750287,-88.0072909,,
Jacksonville,"19,039",61,0,6,,4,51,602,102,494,6,1,"Jacksonville, IL",#ERROR!,#ERROR!,,
Jerome,"1,645",2,0,0,,1,1,27,4,22,1,1,"Jerome, IL",34.7489107,-112.1137716,,
Jerseyville,"8,470",25,0,12,,0,13,260,44,207,9,0,"Jerseyville, IL",#ERROR!,-90.3284479,,
Johnsburg,"6,303",5,0,4,,0,1,127,0,126,1,0,"Johnsburg, IL",42.3800209,-88.2420315,,
Joliet,"147,886",488,10,51,,128,299,"2,801",517,"2,143",141,64,"Joliet, IL",41.525031,-88.0817251,,
Kankakee,"26,509",203,5,26,,74,98,"1,098",251,786,61,12,"Kankakee, IL",41.1200325,-87.8611531,,
Kenilworth,"2,563",0,0,0,,0,0,12,1,11,0,0,"Kenilworth, IL",#ERROR!,-74.2907032,,
Kewanee,"12,460",38,0,13,,2,23,424,43,371,10,0,"Kewanee, IL",41.2455927,-89.9248303,,
Kildeer,"4,066",2,0,1,,1,0,19,3,16,0,0,"Kildeer, IL",#ERROR!,-88.0478532,,
Kincaid,"1,424",8,0,2,,1,5,17,1,15,1,0,"Kincaid, IL",#ERROR!,-96.0062715,,
Kingston,"1,154",0,0,0,,0,0,3,0,3,0,3,"Kingston, IL",#ERROR!,-73.9973608,,
Kirkland,"1,732",4,0,0,,0,4,21,4,17,0,0,"Kirkland, IL",36.0558263,-96.0011332,,
Lacon,"1,805",0,0,0,,0,0,10,4,6,0,0,"Lacon, IL",#ERROR!,-89.4112007,,
Ladd,"1,231",1,0,0,,0,1,5,4,1,0,0,"Ladd, IL",#ERROR!,-95.088721,,
La Grange,"15,754",14,0,1,,5,8,197,40,153,4,0,"La Grange, IL",#ERROR!,-96.442057,,
La Grange Park,"13,612",3,0,0,,1,2,105,9,91,5,0,"La Grange Park, IL",41.8347535,#ERROR!,,
La Harpe,"1,190",1,0,0,,0,1,17,5,12,0,0,"La Harpe, IL",40.5833749,-90.9693057,,
Lake Bluff,"5,666",4,0,0,,1,3,56,3,50,3,0,"Lake Bluff, IL",#ERROR!,#ERROR!,,
Lake Forest,"19,410",4,0,0,,0,4,112,14,98,0,0,"Lake Forest, IL",42.2586342,#ERROR!,,
Lake in the Hills,"29,022",24,0,8,,0,16,146,31,115,0,1,"Lake in the Hills, IL",42.1816908,#ERROR!,,
Lakemoor,"6,006",2,0,0,,0,2,22,6,16,0,0,"Lakemoor, IL",#ERROR!,-88.1989732,,
Lake Villa,"8,849",11,0,2,,1,8,48,8,39,1,0,"Lake Villa, IL",42.4169651,#ERROR!,,
Lake Zurich,"20,051",11,0,8,,0,3,255,27,227,1,2,"Lake Zurich, IL",42.1969689,-88.0934108,,
Lanark,"1,357",0,0,0,,0,0,7,1,5,1,0,"Lanark, IL",55.673865,-3.782138,,
Lansing,"28,347",113,1,10,,70,32,"1,886",271,"1,527",88,2,"Lansing, IL",42.732535,-84.5555347,,
La Salle,"9,194",3,0,0,,0,3,187,31,152,4,0,"La Salle, IL",28.6235221,#ERROR!,,
Lawrenceville,"4,428",14,0,0,,0,14,77,29,42,6,3,"Lawrenceville, IL",33.9562149,#ERROR!,,
Lebanon,"4,467",9,0,5,,3,1,54,17,34,3,0,"Lebanon, IL",33.854721,#ERROR!,,
Lemont,"16,927",6,0,3,,1,2,140,19,113,8,0,"Lemont, IL",41.673642,#ERROR!,,
Lenzburg,487,0,0,0,,0,0,4,2,2,0,0,"Lenzburg, IL",47.3904443,8.1721545,,
Le Roy,"3,585",6,0,1,,0,5,29,9,19,1,0,"Le Roy, IL",40.3519795,#ERROR!,,
Libertyville,"20,454",8,1,1,,3,3,268,23,239,6,0,"Libertyville, IL",42.2830786,#ERROR!,,
Lincoln,"13,867",38,0,8,,3,27,325,61,249,15,2,"Lincoln, IL",37.2242647,#ERROR!,,
Lincolnshire,"7,282",2,0,0,,1,1,31,3,26,2,0,"Lincolnshire, IL",#ERROR!,-0.1601246,,
Lincolnwood,"12,655",20,0,0,,7,13,454,76,357,21,2,"Lincolnwood, IL",42.0044757,-87.7300594,,
Lindenhurst,"14,408",3,0,2,,1,0,71,8,61,2,1,"Lindenhurst, IL",42.4105765,-88.0261911,,
Lisle,"23,063",9,0,4,,1,4,211,29,173,9,0,"Lisle, IL",41.801141,-88.0747875,,
Litchfield,"6,852",5,0,0,,1,4,180,19,159,2,1,"Litchfield, IL",#ERROR!,#ERROR!,,
Loami,756,0,0,0,,0,0,17,8,9,0,0,"Loami, IL",39.6756064,-89.846771,,
Lockport,"25,223",22,2,4,,5,11,193,20,171,2,2,"Lockport, IL",43.1706128,-78.6903098,,
Lombard,"43,866",50,0,13,,17,20,942,94,830,18,5,"Lombard, IL",#ERROR!,-88.0078435,,
Loves Park,"23,349",79,1,11,,17,50,454,98,336,20,2,"Loves Park, IL",#ERROR!,-89.0581621,,
Lovington,"1,104",0,0,0,,0,0,11,3,7,1,0,"Lovington, IL",#ERROR!,-103.3485543,,
Lyons,"10,719",13,3,0,,5,5,120,21,86,13,3,"Lyons, IL",40.2247075,-105.271378,,
Machesney Park,"22,816",76,1,14,,7,54,566,80,474,12,1,"Machesney Park, IL",#ERROR!,-89.0389956,,
Macomb,"18,402",72,0,21,,3,48,294,65,225,4,1,"Macomb, IL",#ERROR!,-82.820974,,
Mahomet,"8,216",4,0,0,,0,4,32,9,22,1,0,"Mahomet, IL",#ERROR!,-88.4042234,,
Malta,"1,150",0,0,0,,0,0,0,0,0,0,0,"Malta, IL",35.937496,14.375416,,
Manhattan,"7,464",2,0,0,,0,2,32,3,29,0,0,"Manhattan, IL",#ERROR!,-73.9712488,,
Maple Park,"1,307",0,0,0,,0,0,3,0,3,0,0,"Maple Park, IL",36.1393971,#ERROR!,,
Marengo,"7,467",5,0,2,,0,3,70,15,54,1,0,"Marengo, IL",42.2486332,#ERROR!,,
Marine,930,0,0,0,,0,0,1,0,1,0,0,"Marine, IL",36.998082,-94.55123,,
Marissa,"1,833",15,0,0,,0,15,40,5,33,2,0,"Marissa, IL",#ERROR!,-81.801785,,
Maroa,"1,727",2,0,1,,0,1,20,11,9,0,1,"Maroa, IL",#ERROR!,-88.957026,,
Marquette Heights,"2,726",6,0,2,,0,4,11,4,7,0,0,"Marquette Heights, IL",40.6175383,-89.6003776,,
Marseilles,"4,934",9,0,1,,1,7,104,36,66,2,1,"Marseilles, IL",43.296482,#ERROR!,,
Marshall,"3,871",8,0,0,,2,6,31,2,29,0,2,"Marshall, IL",#ERROR!,-95.774913,,
Martinsville,"1,129",1,0,0,,0,1,14,3,11,0,0,"Martinsville, IL",36.6915262,-79.8725386,,
Maryville,"7,978",7,0,0,,1,6,47,11,32,4,0,"Maryville, IL",#ERROR!,#ERROR!,,
Mascoutah,"8,063",5,0,0,,2,3,42,7,35,0,0,"Mascoutah, IL",#ERROR!,#ERROR!,,
Matteson,"19,226",71,0,6,,18,47,575,54,457,64,0,"Matteson, IL",41.5039235,-87.7131018,,
Mattoon,"18,026",70,1,10,,7,52,371,63,307,1,6,"Mattoon, IL",#ERROR!,#ERROR!,,
Maywood,"23,994",165,5,15,,68,77,572,144,339,89,2,"Maywood, IL",33.9866807,-118.185349,,
McCook,230,0,0,0,,0,0,21,2,12,7,0,"McCook, IL",#ERROR!,-100.6248741,,
McCullom Lake,"1,015",0,0,0,,0,0,0,0,0,0,0,"McCullom Lake, IL",42.3683543,#ERROR!,,
McHenry,"26,581",40,1,13,,2,24,403,27,372,4,0,"McHenry, IL",#ERROR!,-88.4016041,,
McLean,812,2,0,0,,1,1,8,3,5,0,0,"McLean, IL",37.725305,#ERROR!,,
Melrose Park,"25,369",51,2,10,,17,22,321,42,226,53,0,"Melrose Park, IL",#ERROR!,-87.8567276,,
Mendota,"7,173",6,0,3,,0,3,88,21,67,0,1,"Mendota, IL",36.7535611,-120.3815574,,
Metropolis,"6,290",36,0,6,,2,28,245,50,185,10,0,"Metropolis, IL",#ERROR!,-88.7319979,,
Midlothian,"14,850",37,1,0,,27,9,373,115,221,37,1,"Midlothian, IL",#ERROR!,-97.0103181,,
Milan,"5,082",16,0,3,,1,12,121,16,105,0,0,"Milan, IL",45.4642035,#ERROR!,,
Milledgeville,973,0,0,0,,0,0,22,3,17,2,0,"Milledgeville, IL",33.0801429,-83.2320991,,
Millstadt,"3,877",1,0,0,,0,1,20,5,15,0,0,"Millstadt, IL",38.4614404,-90.0917755,,
Minier,"1,219",0,0,0,,0,0,23,3,19,1,0,"Minier, IL",40.4336504,-89.3131465,,
Mokena,"20,156",5,0,2,,0,3,261,22,232,7,0,"Mokena, IL",41.5261437,#ERROR!,,
Moline,"42,517",196,0,26,,19,151,"1,459",227,"1,205",27,4,"Moline, IL",41.5067003,-90.5151342,,
Monee,"5,068",2,0,2,,0,0,52,7,39,6,0,"Monee, IL",41.420034,-87.7417114,,
Monmouth,"9,261",35,0,9,,3,23,193,43,138,12,3,"Monmouth, IL",40.9114271,#ERROR!,,
Montgomery,"19,703",18,1,7,,0,10,330,44,270,16,2,"Montgomery, IL",32.3792233,-86.3077368,,
Monticello,"5,501",5,0,0,,0,5,46,12,34,0,1,"Monticello, IL",38.0086043,-78.4531994,,
Morris,"14,507",20,0,4,,3,13,303,33,266,4,2,"Morris, IL",#ERROR!,-95.9188889,,
Morrison,"4,137",6,0,0,,0,6,39,5,32,2,0,"Morrison, IL",39.6535988,-105.1910996,,
Morton,"16,310",14,0,0,,0,14,145,47,97,1,2,"Morton, IL",#ERROR!,-122.2751046,,
Morton Grove,"23,478",11,0,0,,3,8,207,57,144,6,1,"Morton Grove, IL",42.0405852,#ERROR!,,
Mount Carmel,"6,982",15,0,0,,2,13,182,27,153,2,1,"Mount Carmel, IL",32.7427316,35.0483915,,
Mount Carroll,"1,602",0,0,0,,0,0,30,3,25,2,0,"Mount Carroll, IL",#ERROR!,-89.9781797,,
Mount Morris,"2,854",0,0,0,,0,0,20,4,15,1,0,"Mount Morris, IL",43.1186374,#ERROR!,,
Mount Olive,"1,995",1,0,0,,0,1,4,0,3,1,0,"Mount Olive, IL",#ERROR!,#ERROR!,,
Mount Prospect,"54,839",26,0,6,,10,10,565,53,490,22,5,"Mount Prospect, IL",#ERROR!,#ERROR!,,
Mount Pulaski,"1,505",0,0,0,,0,0,6,2,4,0,0,"Mount Pulaski, IL",#ERROR!,-89.282314,,
Mount Vernon,"15,053",194,0,18,,24,152,776,183,585,8,15,"Mount Vernon, IL",38.707982,-77.0861753,,
Mount Zion,"5,865",3,0,1,,1,1,21,2,19,0,0,"Mount Zion, IL",31.7709233,35.2284626,,
Moweaqua,"1,736",1,0,0,,0,1,7,5,2,0,0,"Moweaqua, IL",#ERROR!,-89.0189684,,
Mundelein,"31,685",24,0,1,,2,21,292,52,230,10,2,"Mundelein, IL",#ERROR!,-88.0039653,,
Murphysboro,"7,726",59,1,13,,8,37,433,73,357,3,2,"Murphysboro, IL",37.7644952,-89.3350888,,
Naperville,"148,070",92,0,15,,34,43,"1,587",141,"1,401",45,4,"Naperville, IL",#ERROR!,#ERROR!,,
Nashville,"3,109",12,0,1,,0,11,69,8,56,5,0,"Nashville, IL",36.1626638,#ERROR!,,
New Athens,"1,930",1,0,0,,0,1,18,4,14,0,0,"New Athens, IL",38.3264383,#ERROR!,,
New Baden,"3,304",4,0,1,,0,3,27,0,27,0,0,"New Baden, IL",#ERROR!,-89.7006499,,
New Lenox,"26,085",25,0,7,,6,12,302,32,265,5,0,"New Lenox, IL",#ERROR!,-87.9656098,,
Newton,"2,807",0,0,0,,0,0,53,13,40,0,0,"Newton, IL",38.0466779,#ERROR!,,
Niles,"29,886",29,0,2,,8,19,702,49,639,14,1,"Niles, IL",#ERROR!,-87.8028402,,
Nokomis,"2,171",8,1,1,,0,6,33,9,22,2,1,"Nokomis, IL",27.1192213,#ERROR!,,
Normal,"54,727",144,1,35,,29,79,"1,080",142,912,26,1,"Normal, IL",#ERROR!,-88.9906312,,
Norridge,"14,629",13,0,1,,3,9,414,32,371,11,0,"Norridge, IL",41.9633641,-87.827284,,
North Aurora,"17,599",21,0,4,,4,13,240,25,208,7,1,"North Aurora, IL",41.8061399,-88.3272952,,
Northbrook,"33,746",11,1,2,,5,3,382,42,327,13,0,"Northbrook, IL",42.1275267,#ERROR!,,
Northfield,"5,494",0,0,0,,0,0,40,6,33,1,1,"Northfield, IL",44.4582983,-93.161604,,
Northlake,"12,308",16,0,2,,7,7,252,16,218,18,0,"Northlake, IL",#ERROR!,-97.2540328,,
North Riverside,"6,663",15,0,0,,9,6,486,16,459,11,0,"North Riverside, IL",41.8461167,-87.8157429,,
Oak Brook,"8,130",10,0,2,,3,5,562,18,536,8,0,"Oak Brook, IL",#ERROR!,#ERROR!,,
Oakbrook Terrace,"2,169",5,0,1,,2,2,108,10,93,5,0,"Oakbrook Terrace, IL",41.8500302,-87.9645077,,
Oak Forest,"28,088",42,1,5,,20,16,300,57,214,29,1,"Oak Forest, IL",#ERROR!,-87.7439384,,
Oak Lawn,"56,791",79,1,7,,38,33,937,99,810,28,3,"Oak Lawn, IL",#ERROR!,-87.7479528,,
Oak Park,"52,365",108,0,2,,68,38,"1,495",359,"1,057",79,3,"Oak Park, IL",41.8850317,#ERROR!,,
Oakwood,"1,520",4,0,0,,0,4,13,8,5,0,0,"Oakwood, IL",31.538703,-97.1116445,,
Oakwood Hills,"2,059",2,0,2,,0,0,19,3,16,0,0,"Oakwood Hills, IL",#ERROR!,-88.2428615,,
Oblong,"1,420",7,0,0,,0,7,15,8,7,0,0,"Oblong, IL",39.0019867,#ERROR!,,
O'Fallon,"29,061",45,1,15,,7,22,518,65,444,9,0,"O'Fallon, IL",38.8106075,#ERROR!,,
Oglesby,"3,619",3,0,2,,0,1,43,6,37,0,0,"Oglesby, IL",#ERROR!,-89.0595266,,
Okawville,"1,392",3,0,0,,0,3,17,7,9,1,0,"Okawville, IL",38.4342163,-89.5503676,,
Olney,"8,984",49,1,10,,0,38,283,32,241,10,4,"Olney, IL",#ERROR!,-77.066923,,
Olympia Fields,"5,031",4,0,0,,2,2,146,11,134,1,0,"Olympia Fields, IL",41.5131999,-87.6926257,,
Onarga,"1,313",1,0,0,,0,1,5,1,3,1,0,"Onarga, IL",#ERROR!,-88.0061509,,
Oregon,"3,553",6,0,1,,0,5,107,12,90,5,0,"Oregon, IL",#ERROR!,-120.5542012,,
Orion,"1,818",0,0,0,,0,0,6,3,3,0,0,"Orion, IL",37.6691596,#ERROR!,,
Orland Hills,"7,255",4,0,0,,0,4,46,5,40,1,0,"Orland Hills, IL",#ERROR!,#ERROR!,,
Orland Park,"59,009",25,0,2,,4,19,"1,335",53,"1,263",19,2,"Orland Park, IL",41.6303103,-87.8539425,,
Oswego,"34,681",25,0,7,,5,13,389,27,353,9,3,"Oswego, IL",#ERROR!,-76.5104973,,
Ottawa,"18,263",23,0,1,,3,19,390,45,333,12,3,"Ottawa, IL",45.4215296,#ERROR!,,
Palatine,"69,447",37,0,14,,8,15,600,35,543,22,1,"Palatine, IL",42.1103041,#ERROR!,,
Palestine,"1,324",9,0,1,,0,8,19,1,17,1,0,"Palestine, IL",31.952162,35.233154,,
Palos Heights,"12,549",2,0,0,,0,2,87,7,77,3,1,"Palos Heights, IL",41.6680885,#ERROR!,,
Palos Hills,"17,578",16,0,1,,5,10,84,6,70,8,0,"Palos Hills, IL",41.6966992,#ERROR!,,
Palos Park,"4,894",2,0,0,,0,2,32,4,28,0,0,"Palos Park, IL",41.6672547,-87.8303315,,
Pana,"5,562",14,0,6,,0,8,91,16,73,2,0,"Pana, IL",#ERROR!,-104.9831985,,
Paris,"8,356",38,0,1,,1,36,116,51,54,11,2,"Paris, IL",#ERROR!,#ERROR!,,
Park City,"7,357",10,0,4,,2,4,103,33,63,7,0,"Park City, IL",#ERROR!,-111.4979729,,
Park Forest,"21,947",75,2,11,,34,28,353,110,209,34,4,"Park Forest, IL",41.4914236,-87.6744891,,
Park Ridge,"37,805",12,0,1,,8,3,375,67,294,14,3,"Park Ridge, IL",#ERROR!,-87.8406192,,
Pawnee,"2,707",1,1,0,,0,0,2,1,1,0,0,"Pawnee, IL",#ERROR!,-96.8039232,,
Paxton,"4,332",10,0,1,,1,8,61,8,51,2,2,"Paxton, IL",#ERROR!,-97.5919876,,
Pekin,"33,052",139,0,25,,15,99,664,90,562,12,6,"Pekin, IL",40.5675388,-89.640658,,
Peoria,"115,099",875,10,70,,305,490,"4,429","1,089","3,116",224,61,"Peoria, IL",#ERROR!,-89.5889864,,
Peoria Heights,"5,960",30,1,6,,1,22,149,27,114,8,0,"Peoria Heights, IL",40.7472594,#ERROR!,,
Peotone,"4,114",7,0,0,,3,4,13,2,10,1,0,"Peotone, IL",41.3322554,-87.7853217,,
Peru,"9,886",15,0,4,,4,7,157,24,132,1,0,"Peru, IL",#ERROR!,#ERROR!,,
Phoenix,"1,956",14,0,0,,2,12,43,23,17,3,0,"Phoenix, IL",#ERROR!,-112.0740373,,
Pierron,558,0,0,0,,0,0,0,0,0,0,0,"Pierron, IL",38.7797065,#ERROR!,,
Pinckneyville,"5,336",4,0,0,,1,3,26,6,20,0,0,"Pinckneyville, IL",38.0803286,#ERROR!,,
Pingree Grove,"7,162",5,0,5,,0,0,20,1,18,1,0,"Pingree Grove, IL",#ERROR!,#ERROR!,,
Pittsfield,"4,468",3,0,0,,0,3,66,10,54,2,0,"Pittsfield, IL",#ERROR!,-73.2453824,,
Plainfield,"43,063",37,0,7,,3,27,330,35,280,15,2,"Plainfield, IL",#ERROR!,-88.2120315,,
Plano,"11,358",0,0,0,,0,0,108,10,96,2,0,"Plano, IL",33.0198431,-96.6988856,,
Pleasant Hill,937,3,0,3,,0,0,9,3,6,0,0,"Pleasant Hill, IL",37.9479786,-122.0607963,,
Pleasant Plains,804,0,0,0,,0,0,2,0,2,0,0,"Pleasant Plains, IL",39.8728269,-89.9212211,,
Pontiac,"11,771",26,0,0,,3,23,222,37,181,4,2,"Pontiac, IL",36.5156645,-92.6035899,,
Pontoon Beach,"5,598",8,0,0,,2,6,113,23,84,6,1,"Pontoon Beach, IL",38.7322237,-90.0710336,,
Posen,"5,992",14,1,0,,7,6,102,24,65,13,0,"Posen, IL",41.6317008,-87.681437,,
Potomac,716,0,0,0,,0,0,1,0,1,0,0,"Potomac, IL",39.0181651,#ERROR!,,
Princeton,"7,534",14,0,2,,0,12,103,17,82,4,2,"Princeton, IL",40.3430942,-74.6550739,,
Prophetstown,"1,999",0,0,0,,0,0,0,0,0,0,0,"Prophetstown, IL",40.4973299,#ERROR!,,
Prospect Heights,"16,410",19,0,0,,5,14,106,19,78,9,1,"Prospect Heights, IL",40.6774196,-73.9668408,,
Quincy,"40,799",209,0,43,,23,143,"1,323",295,987,41,9,"Quincy, IL",#ERROR!,-71.0022705,,
Raleigh,348,0,0,0,,0,0,3,2,1,0,0,"Raleigh, IL",35.7795897,-78.6381787,,
Rankin,535,0,0,0,,0,0,0,0,0,0,0,"Rankin, IL",32.2653668,-89.9253233,,
Rantoul,"13,018",53,0,14,,13,26,339,101,225,13,3,"Rantoul, IL",40.3083672,-88.1558785,,
Red Bud,"3,564",2,0,1,,0,1,13,5,8,0,0,"Red Bud, IL",38.2117172,-89.9942741,,
Richmond,"1,904",2,0,0,,1,1,19,3,15,1,0,"Richmond, IL",37.5407246,#ERROR!,,
Richton Park,"13,702",58,0,7,,36,15,299,46,220,33,0,"Richton Park, IL",41.484479,-87.7033787,,
Ridge Farm,847,0,0,0,,0,0,9,3,6,0,0,"Ridge Farm, IL",#ERROR!,#ERROR!,,
River Forest,"11,203",17,0,0,,7,10,291,42,244,5,0,"River Forest, IL",41.8939617,-87.8198478,,
River Grove,"10,216",11,1,4,,3,3,149,37,97,15,0,"River Grove, IL",#ERROR!,-87.8358943,,
Riverside,"8,826",13,0,1,,0,12,118,26,90,2,1,"Riverside, IL",#ERROR!,-117.3754942,,
Riverton,"3,463",14,0,2,,2,10,70,12,53,5,0,"Riverton, IL",40.521893,-111.9391023,,
Riverwoods,"3,639",3,0,1,,0,2,26,5,19,2,0,"Riverwoods, IL",#ERROR!,#ERROR!,,
Robinson,"7,616",31,0,2,,0,29,106,13,88,5,1,"Robinson, IL",39.0405108,#ERROR!,,
Rochester,"3,794",4,0,1,,0,3,9,0,8,1,0,"Rochester, IL",#ERROR!,-77.6088465,,
Rockdale,"1,942",2,0,1,,0,1,3,0,1,2,0,"Rockdale, IL",33.6752492,-84.0378894,,
Rock Falls,"9,027",35,0,1,,4,30,119,60,57,2,0,"Rock Falls, IL",41.7797533,-89.6889967,,
Rockford,"147,363","2,444",26,137,,536,"1,745","5,565","1,406","3,696",463,78,"Rockford, IL",42.2711311,-89.0939952,,
Rock Island,"38,543",158,4,6,,23,125,"1,042",175,782,85,6,"Rock Island, IL",41.5094771,#ERROR!,,
Rockton,"7,494",7,0,2,,0,5,163,11,150,2,1,"Rockton, IL",42.4525157,#ERROR!,,
Rolling Meadows,"24,205",16,0,6,,2,8,284,12,266,6,0,"Rolling Meadows, IL",#ERROR!,-88.0131275,,
Romeoville,"39,727",45,0,8,,14,23,623,61,544,18,2,"Romeoville, IL",41.6475306,-88.0895061,,
Roscoe,"10,523",9,0,0,,0,9,130,55,73,2,0,"Roscoe, IL",41.9331441,-74.9134961,,
Roselle,"23,037",18,0,11,,2,5,190,29,157,4,3,"Roselle, IL",41.9847504,#ERROR!,,
Rosemont,"4,206",25,0,5,,4,16,279,8,263,8,86,"Rosemont, IL",41.9867507,#ERROR!,,
Round Lake,"18,484",19,0,5,,5,9,133,24,107,2,0,"Round Lake, IL",42.353355,-88.0934145,,
Round Lake Beach,"27,796",38,0,10,,6,22,581,44,527,10,1,"Round Lake Beach, IL",#ERROR!,-88.0900815,,
Round Lake Heights,"2,713",5,0,1,,1,3,24,1,23,0,0,"Round Lake Heights, IL",42.3800212,#ERROR!,,
Round Lake Park,"7,415",5,0,0,,0,5,83,20,56,7,0,"Round Lake Park, IL",#ERROR!,#ERROR!,,
Roxana,"1,472",6,0,1,,1,4,31,9,22,0,0,"Roxana, IL",#ERROR!,-90.0607398,,
Royalton,"1,135",1,0,0,,0,1,10,5,4,1,0,"Royalton, IL",40.7555732,-73.9822616,,
Ruma,315,0,0,0,,0,0,1,0,1,0,0,"Ruma, IL",38.1350512,#ERROR!,,
Rushville,"2,927",4,0,2,,0,2,30,7,23,0,0,"Rushville, IL",39.6092137,#ERROR!,,
Salem,"7,249",21,0,1,,3,17,379,49,316,14,2,"Salem, IL",#ERROR!,#ERROR!,,
Sandoval,"1,221",8,0,3,,3,2,29,8,20,1,5,"Sandoval, IL",#ERROR!,#ERROR!,,
Sandwich,"7,355",8,0,5,,0,3,48,10,38,0,0,"Sandwich, IL",#ERROR!,#ERROR!,,
Sauget,151,4,1,0,,1,2,64,0,53,11,0,"Sauget, IL",38.5964402,-90.1848331,,
Sauk Village,"10,489",54,2,10,,11,31,117,38,56,23,3,"Sauk Village, IL",41.4883685,-87.5675414,,
Savanna,"2,845",10,0,2,,0,8,83,17,63,3,0,"Savanna, IL",40.7607551,#ERROR!,,
Schaumburg,"74,774",74,0,23,,21,30,"1,685",108,"1,526",51,4,"Schaumburg, IL",42.0333607,#ERROR!,,
Schiller Park,"11,807",19,0,10,,6,3,229,41,161,27,0,"Schiller Park, IL",#ERROR!,-87.8708965,,
Shannon,703,0,0,0,,0,0,0,0,0,0,0,"Shannon, IL",34.1162203,-88.7117181,,
Shawneetown,"1,150",4,0,0,,1,3,13,3,9,1,0,"Shawneetown, IL",37.713102,-88.1867027,,
Sherman,"4,697",1,0,0,,0,1,17,9,8,0,0,"Sherman, IL",#ERROR!,-96.6088805,,
Shiloh,"13,056",29,0,4,,7,18,223,38,177,8,1,"Shiloh, IL",#ERROR!,-95.4568133,,
Shorewood,"16,968",29,0,10,,2,17,174,30,138,6,0,"Shorewood, IL",43.0891787,-87.8875848,,
Sidell,587,0,0,0,,0,0,0,0,0,0,0,"Sidell, IL",39.9097575,#ERROR!,,
Silvis,"7,487",24,0,5,,2,17,295,38,255,2,0,"Silvis, IL",#ERROR!,-90.4151301,,
Skokie,"64,819",158,1,15,,45,97,"1,557",228,"1,283",46,5,"Skokie, IL",42.0324025,-87.7416246,,
Sleepy Hollow,"3,354",0,0,0,,0,0,10,1,9,0,0,"Sleepy Hollow, IL",#ERROR!,#ERROR!,,
Smithton,"3,724",0,0,0,,0,0,16,2,14,0,0,"Smithton, IL",38.6800181,-93.092979,,
South Barrington,"4,955",2,0,0,,0,2,47,10,35,2,0,"South Barrington, IL",42.0881054,-88.1535352,,
South Beloit,"7,639",18,0,1,,8,9,117,26,87,4,0,"South Beloit, IL",42.4930708,-89.0367763,,
South Chicago Heights,"4,137",19,0,0,,7,12,155,16,128,11,3,"South Chicago Heights, IL",#ERROR!,-87.6378211,,
South Elgin,"22,436",27,0,8,,3,16,262,18,239,5,0,"South Elgin, IL",41.9941938,-88.2922996,,
South Holland,"22,042",83,2,20,,43,18,479,86,332,61,1,"South Holland, IL",41.6008681,-87.6069894,,
South Pekin,"1,115",2,0,0,,0,2,14,3,10,1,0,"South Pekin, IL",40.4944838,#ERROR!,,
South Roxana,"1,986",16,0,5,,2,9,49,22,27,0,0,"South Roxana, IL",#ERROR!,-90.0628834,,
Springfield,"116,563","1,301",6,99,,249,947,"5,158","1,250","3,681",227,45,"Springfield, IL",#ERROR!,-72.5815806,,
Spring Grove,"5,698",3,0,3,,0,0,35,2,30,3,0,"Spring Grove, IL",37.0627341,-94.6370271,,
Spring Valley,"5,269",2,0,1,,0,1,79,18,58,3,0,"Spring Valley, IL",#ERROR!,-74.0437521,,
Stanford,579,0,0,0,,0,0,2,1,1,0,0,"Stanford, IL",37.4274745,-122.169719,,
St. Anne,"1,213",2,0,0,,2,0,43,15,25,3,1,"St. Anne, IL",#ERROR!,#ERROR!,,
Staunton,"4,981",11,0,1,,1,9,65,11,52,2,0,"Staunton, IL",38.149576,-79.0716958,,
St. Charles,"33,556",44,0,6,,4,34,432,52,367,13,2,"St. Charles, IL",38.7881062,-90.4974359,,
Steger,"9,502",20,0,1,,9,10,288,38,233,17,2,"Steger, IL",#ERROR!,-87.636432,,
St. Elmo,"1,402",14,0,1,,0,13,44,15,27,2,0,"St. Elmo, IL",35.233799,-89.9683491,,
Sterling,"14,983",39,0,14,,5,20,511,48,449,14,3,"Sterling, IL",#ERROR!,#ERROR!,,
Stickney,"6,785",6,1,1,,1,3,73,3,58,12,1,"Stickney, IL",41.8177521,-87.7923613,,
Stockton,"1,778",6,0,1,,0,5,41,9,30,2,0,"Stockton, IL",37.9577016,-121.2907796,,
Streator,"13,082",32,0,17,,4,11,357,67,279,11,14,"Streator, IL",#ERROR!,-88.835352,,
Summit,"11,457",38,1,1,,14,22,216,27,145,44,4,"Summit, IL",#ERROR!,-94.8427527,,
Swansea,"13,533",19,0,6,,5,8,263,47,203,13,0,"Swansea, IL",51.62144,-3.943646,,
Sycamore,"17,750",12,0,3,,1,8,257,15,235,7,5,"Sycamore, IL",38.6986462,-92.23213,,
Taylorville,"10,795",4,0,1,,0,3,136,26,107,3,0,"Taylorville, IL",39.548935,-89.294533,,
Thornton,"2,513",3,0,1,,1,1,38,7,30,1,0,"Thornton, IL",39.8680412,-104.9719243,,
Tilton,"2,607",10,0,1,,0,9,55,19,34,2,0,"Tilton, IL",46.754946,-71.4567358,,
Tinley Park,"57,213",48,0,6,,11,31,766,86,652,28,2,"Tinley Park, IL",41.5731442,-87.7932939,,
Tolono,"3,483",4,0,1,,0,3,30,9,21,0,0,"Tolono, IL",39.9861415,-88.2589387,,
Toluca,"1,314",0,0,0,,0,0,13,5,8,0,0,"Toluca, IL",19.2826098,-99.6556653,,
Tonica,732,0,0,0,,0,0,7,4,3,0,0,"Tonica, IL",41.2158684,#ERROR!,,
Tower Lakes,"1,251",0,0,0,,0,0,1,0,1,0,0,"Tower Lakes, IL",#ERROR!,-88.1559741,,
Troy,"10,063",15,0,6,,0,9,73,14,58,1,0,"Troy, IL",31.2068421,-97.3027824,,
Tuscola,"4,437",25,0,2,,0,23,72,16,54,2,0,"Tuscola, IL",39.7991985,-88.2831038,,
Urbana,"42,461",162,4,25,,54,79,"1,543",327,"1,185",31,8,"Urbana, IL",#ERROR!,-88.2072697,,
Valmeyer,"1,260",1,0,0,,0,1,8,1,7,0,0,"Valmeyer, IL",#ERROR!,#ERROR!,,
Vernon Hills,"26,574",19,0,4,,7,8,378,20,355,3,1,"Vernon Hills, IL",42.2393323,-87.9653565,,
Vienna,"1,696",0,0,0,,0,0,7,1,5,1,0,"Vienna, IL",#ERROR!,16.3738189,,
Villa Park,"21,976",23,0,2,,7,14,341,34,284,23,0,"Villa Park, IL",#ERROR!,-87.9889543,,
Virden,"3,384",15,0,3,,1,11,90,26,59,5,0,"Virden, IL",#ERROR!,#ERROR!,,
Walnut,"1,338",0,0,0,,0,0,3,0,2,1,0,"Walnut, IL",37.6014373,#ERROR!,,
Warren,"1,366",0,0,0,,0,0,1,0,1,0,0,"Warren, IL",42.5144566,#ERROR!,,
Warrensburg,"1,154",3,0,0,,0,3,7,2,5,0,0,"Warrensburg, IL",#ERROR!,#ERROR!,,
Warrenville,"13,342",11,0,7,,3,1,132,14,113,5,0,"Warrenville, IL",41.817807,#ERROR!,,
Warsaw,"1,541",3,0,0,,1,2,14,3,11,0,1,"Warsaw, IL",#ERROR!,21.0122287,,
Washington,"16,965",14,0,0,,2,12,178,35,141,2,0,"Washington, IL",47.7510741,-120.7401385,,
Waterloo,"10,284",3,0,0,,0,3,34,0,34,0,0,"Waterloo, IL",50.71469,#ERROR!,,
Watseka,"5,027",15,0,4,,2,9,153,27,121,5,0,"Watseka, IL",40.7761465,-87.7364218,,
Waukegan,"88,337",449,1,9,,195,244,"2,287",509,"1,670",108,7,"Waukegan, IL",42.3636331,-87.8447938,,
Waverly,"1,261",1,0,0,,0,1,4,0,4,0,1,"Waverly, IL",42.7272032,-92.4668511,,
Wayne,"2,450",0,0,0,,0,0,12,8,3,1,0,"Wayne, IL",37.0360747,-95.636435,,
Westchester,"16,729",23,0,1,,14,8,257,35,207,15,1,"Westchester, IL",41.1220194,-73.7948516,,
West Chicago,"27,490",34,0,6,,10,18,293,46,233,14,2,"West Chicago, IL",#ERROR!,-88.2039607,,
West City,652,0,0,0,,0,0,85,5,80,0,0,"West City, IL",37.9967935,-88.9323577,,
West Dundee,"7,406",4,0,2,,2,0,103,4,99,0,0,"West Dundee, IL",42.0980812,#ERROR!,,
Western Springs,"13,446",0,0,0,,0,0,35,5,28,2,1,"Western Springs, IL",#ERROR!,#ERROR!,,
West Frankfort,"8,044",5,0,0,,5,0,191,63,110,18,3,"West Frankfort, IL",37.8985966,-88.9233622,,
Westmont,"24,992",22,0,4,,5,13,292,39,243,10,2,"Westmont, IL",#ERROR!,-87.9756175,,
Westville,"3,087",5,0,1,,1,3,31,17,13,1,1,"Westville, IL",35.9883145,#ERROR!,,
Wheaton,"53,848",32,0,5,,11,16,332,54,276,2,1,"Wheaton, IL",#ERROR!,-88.1070127,,
Wheeling,"38,158",47,0,5,,5,37,424,60,348,16,1,"Wheeling, IL",40.0639616,#ERROR!,,
White Hall,"2,389",5,0,1,,0,4,33,15,18,0,0,"White Hall, IL",34.276081,#ERROR!,,
Willowbrook,"8,625",7,0,1,,3,3,163,17,141,5,0,"Willowbrook, IL",41.7697533,-87.9358931,,
Willow Springs,"5,701",3,0,0,,3,0,28,5,20,3,0,"Willow Springs, IL",34.87831,-118.2967447,,
Wilmette,"27,474",11,0,3,,3,5,308,51,246,11,3,"Wilmette, IL",42.0722513,-87.7228384,,
Wilmington,"5,683",13,0,6,,1,6,52,6,38,8,0,"Wilmington, IL",#ERROR!,-77.8868117,,
Winfield,"9,763",3,0,0,,0,3,57,9,48,0,1,"Winfield, IL",41.8616956,#ERROR!,,
Winnebago,"2,995",2,0,0,,0,2,49,2,46,1,0,"Winnebago, IL",43.2543392,-93.6380464,,
Winnetka,"12,526",5,0,0,,0,5,87,10,69,8,0,"Winnetka, IL",#ERROR!,#ERROR!,,
Winthrop Harbor,"6,803",6,0,2,,1,3,37,8,29,0,0,"Winthrop Harbor, IL",#ERROR!,#ERROR!,,
Witt,866,0,0,0,,0,0,4,4,0,0,0,"Witt, IL",39.8855786,-105.112259,,
Wonder Lake,"3,912",5,0,1,,2,2,30,4,24,2,0,"Wonder Lake, IL",42.3852983,-88.3473126,,
Wood Dale,"13,943",6,0,1,,5,0,185,16,161,8,0,"Wood Dale, IL",41.9633625,#ERROR!,,
Woodridge,"33,441",37,0,14,,15,8,446,48,386,12,3,"Woodridge, IL",#ERROR!,-88.0503406,,
Wood River,"10,225",37,0,7,,10,20,371,55,289,27,0,"Wood River, IL",38.861159,-90.0976069,,
Woodstock,"25,259",34,0,6,,8,20,402,29,360,13,3,"Woodstock, IL",#ERROR!,-74.1181971,,
Worth,"10,781",24,0,5,,5,14,114,18,84,12,1,"Worth, IL",29.495652,-98.4670135,,
Yates City,666,0,0,0,,0,0,15,1,14,0,0,"Yates City, IL",#ERROR!,-90.0148371,,
Yorkville,"18,752",13,0,4,,5,4,170,28,131,11,1,"Yorkville, IL",41.6411409,-88.4472948,,
Zeigler,"1,758",2,0,0,,0,2,18,5,12,1,0,"Zeigler, IL",41.8295969,-87.7868628,,
Zion,"24,067",169,2,37,,31,99,607,127,449,31,10,"Zion, IL",37.2982022,-113.0263005,,